week_grace,min_bars,x_n,x_win,x_avg,x_t,x_days,x_ex,h_n,h_win,h_avg,h_t,h_days,h_ex
4,7,293,62.1160409556314,3.257897287926604,5.909570329298497,4.795221843003413,2.2910267008257077,323,53.869969040247675,1.2061477193844363,2.8318668722966955,3.8386222910216716,0.9999912968924292
4,0,306,62.745098039215684,3.0750351874124093,5.8446508208084165,4.427559912854031,2.1647276063853855,338,52.9585798816568,0.9986865821151566,2.536137003760879,3.5862919132149895,0.8107975494479539
2,7,293,61.43344709897611,2.976683936920265,5.637468295442372,4.752844141069397,2.063525616177867,324,53.08641975308642,1.1782639110236475,2.786569933964765,3.787294238683127,0.9903832217174643
2,0,306,62.091503267973856,2.822401397382997,5.623545416521778,4.374046840958606,1.964818652908762,339,52.50737463126843,0.9731419807593792,2.495598575042528,3.5312192723697153,0.8001759099528012
1,0,307,61.237785016286644,2.8163118631926545,5.605781420132639,4.339440825190011,1.949232509339724,339,53.097345132743364,0.93294149735785,2.418505697808963,3.5133972468043266,0.7704376334689019
1,7,293,61.092150170648466,2.9436442050126135,5.559380706775272,4.735068259385666,2.0200702100144206,324,53.39506172839506,1.1577813237895185,2.7637501307475807,3.7739197530864197,0.9811984458073366
0,7,293,61.092150170648466,2.9665226198401338,5.527761263325017,4.703498293515358,2.008459825761303,324,52.46913580246913,1.039061351522415,2.5219013634349605,3.7269804526748973,0.8799389900733358
0,0,307,61.88925081433225,2.8061551076740523,5.525890055058282,4.3060532030401735,1.9037609318585182,339,51.62241887905605,0.7753038637807741,2.060673254671663,3.4575958702064904,0.6273187523283595
7,0,303,57.0957095709571,2.818074512152837,5.082763345507533,4.892189218921892,1.8611570380359983,333,49.249249249249246,0.7399927169166627,1.8187930032686699,4.05467967967968,0.5523470213091787
7,7,291,56.3573883161512,2.925317884979824,5.053938457978241,5.251288659793815,1.9340413259433489,320,49.6875,0.9029238332874248,2.0707168729966607,4.278645833333333,0.6976884505584353
