pool,k,earn,x_n,x_win,x_avg,x_t,x_acct,h_n,h_win,h_avg,h_t,h_acct
p25,20,exit,569,63.2688927943761,2.2693211540838107,7.844620005318964,64.56218683368442,629,52.94117647058823,0.8086046250049868,3.451236124684715,25.430615456406834
p25,20,skip2+exit,551,63.33938294010889,2.3189790335209457,7.828248524935448,63.88787237350205,616,53.246753246753244,0.848418773727807,3.5574132711735373,26.13129823081646
p25,20,off,569,62.565905096660806,2.4126164462997037,7.768264197486948,68.63893789722658,628,52.547770700636946,0.7560742060958874,3.0912565089407047,23.740730071410866
p25,20,skip2,551,62.613430127041745,2.281984655811481,7.601934356502087,62.86867726760629,615,53.170731707317074,0.8531687529877309,3.485958527033549,26.23493915437273
p25,20,skip5+exit,529,62.75992438563327,2.3200641128858916,7.56814924861833,61.36569578583184,584,53.082191780821915,0.8884901253280585,3.5608081394196507,25.94391165957931
p25,15,exit,435,63.2183908045977,2.6051629545911554,7.199387182610096,75.54972568314352,480,53.958333333333336,0.9503293459666246,3.2207032479439492,30.410539070931986
p25,15,skip2+exit,421,63.18289786223278,2.6644715852897187,7.192388114874493,74.78283582713145,468,54.48717948717949,1.0060333105112509,3.3361190757936376,31.388239287951027
p25,15,off,435,62.52873563218391,2.76825835864333,7.106462423209498,80.27949240065658,479,53.65344467640919,0.8871857769045891,2.8760915558603175,28.330799142486548
p25,15,skip5+exit,404,62.87128712871287,2.6798736698296,6.986978542490458,72.17793084074388,443,54.17607223476298,1.0477509563742495,3.317017997409662,30.9435782449195
p25,15,skip2,421,62.70783847980998,2.6126602341686325,6.960283997082157,73.32866390566628,467,54.389721627408996,1.007238595590228,3.2531676535757312,31.3586949427091
p74,20,skip2,561,57.93226381461675,2.395805329574451,6.091751116267411,67.20233949456335,597,54.438860971524285,1.2996471374359415,4.178862417281845,38.79446705246285
p74,20,off,581,57.48709122203098,2.426965254345639,6.078570944778759,70.50334063874081,617,53.646677471636956,1.1588391691335087,3.722042119718538,35.75018836776875
p74,20,skip2+exit,561,57.57575757575758,2.2534506208569622,5.969339339543388,63.209289915037786,597,54.438860971524285,1.280614795234492,4.131265934122975,38.22635163774958
p74,20,exit,581,57.83132530120482,2.183991286351674,5.947930748540992,63.444946868516126,617,53.322528363047,1.1845379787825838,3.9281926036291983,36.542996645442706
p25,10,exit,293,62.45733788395904,2.8976608390453342,5.839332132756884,84.90146258402828,324,53.39506172839506,1.1996398984944983,2.9267497740938477,38.86833271122174
p25,10,skip2+exit,283,62.19081272084806,2.965673372084167,5.833196952515753,83.92855642998192,316,53.48101265822785,1.2331533972377824,2.9367303889321605,38.967647352713925
p25,10,skip2,283,62.19081272084806,2.9428209317718785,5.7212618580123475,83.28183236914415,316,53.48101265822785,1.2594267330295617,2.956060666651472,39.79788476373415
p25,10,skip5+exit,271,61.99261992619926,2.9785474663118565,5.648802662935501,80.71863633705132,302,53.311258278145694,1.29964856159097,2.983754175295959,39.2493865600473
p25,10,off,293,61.43344709897611,2.976683936920265,5.637468295442372,87.21683935176375,324,53.08641975308642,1.1782639110236475,2.786569933964765,38.175750717166174
p74,20,skip5+exit,528,57.38636363636363,2.191375581475763,5.587973768822985,57.85231535096015,570,54.56140350877193,1.3153042005173563,4.087801861518327,37.486169714744655
p74,15,off,422,55.687203791469194,2.380241447423532,4.6696162245912936,66.96412605418203,473,53.276955602537,0.9239178840876402,2.5628019881274455,29.134210611563592
p74,15,skip2,405,56.04938271604938,2.326164018532744,4.640884018666075,62.80642850038409,459,54.030501089324616,1.0965613123899542,3.02227782569109,33.5547761591326
p74,15,exit,422,56.39810426540284,2.0781687679557934,4.473145016551742,58.46581467182299,473,52.854122621564485,0.9727606215199296,2.7622691882487076,30.674384931928447
p74,15,skip2+exit,405,55.80246913580247,2.144603809754043,4.465883878812922,57.90430286335916,459,54.030501089324616,1.071806828088722,2.9664518523082677,32.79728893951489
p74,15,skip5+exit,380,55.526315789473685,2.0752496734513444,4.1446855715775675,52.572991727434065,438,54.10958904109589,1.0842500545193134,2.889956886239552,31.660101591963954
p74,10,skip2,271,55.71955719557196,2.6347612439094226,3.9405088063507114,71.40202970994535,305,57.377049180327866,1.4786422239041388,3.189091044613429,45.09858782907624
p74,10,skip2+exit,271,55.35055350553505,2.4621279546164434,3.8538891778422357,66.72366757010562,305,57.377049180327866,1.4823252687588089,3.196398283085497,45.21092069714367
p74,10,off,284,54.57746478873239,2.611258097854379,3.830312132165039,74.15972997906437,315,56.507936507936506,1.3058157445044716,2.836324289473207,41.133195951890855
p74,10,exit,284,55.63380281690141,2.318009044330029,3.765273220112821,65.83145685897281,315,56.19047619047619,1.351475244113888,2.9915501909652105,42.57147018958747
p74,10,skip5+exit,254,55.118110236220474,2.4030754222752604,3.6061981323971395,61.03811572579163,288,57.638888888888886,1.525214011977972,3.142276714303002,43.9261635449656
